,utility,niter,time
0,8515.689373793108,63,0.0405426025390625
1,8379.714635435672,57,0.03877973556518555
2,9849.954896588184,72,0.04676985740661621
3,8748.405400954556,57,0.036325693130493164
4,8700.603373268317,47,0.030210494995117188
5,9200.019392131355,70,0.044658660888671875
6,9235.911788208075,68,0.043399810791015625
7,7653.671920486214,51,0.03236961364746094
8,8898.414225662043,83,0.05190467834472656
9,8561.622578603208,63,0.039324283599853516
10,8791.783060481761,64,0.040300607681274414
11,7906.833572932426,59,0.0365598201751709
12,8821.12206846918,71,0.044461727142333984
13,8288.222626720297,63,0.041860342025756836
14,7820.432165724137,58,0.03582286834716797
15,8339.464815814174,54,0.03442668914794922
16,9263.614350945747,66,0.04171013832092285
17,9123.992016660484,58,0.03579354286193848
18,8256.985592202469,46,0.0298001766204834
19,8541.57826115119,54,0.033910274505615234
20,8434.603525342576,46,0.03060293197631836
21,8243.020894855603,59,0.03629755973815918
22,7352.467447571027,52,0.031432151794433594
23,9293.10795314472,83,0.05076479911804199
24,9243.390420256837,70,0.0426332950592041
25,8937.589226432512,55,0.03319978713989258
26,7937.695498542707,43,0.025982141494750977
27,8980.911789163749,53,0.03462576866149902
28,9392.13510449108,69,0.04308462142944336
29,8812.514681493152,71,0.04289126396179199
30,9251.464521163845,73,0.04531455039978027
31,8121.435471027929,71,0.042881011962890625
32,8333.074033062896,50,0.030166149139404297
33,9442.297501745874,60,0.03597664833068848
34,7810.687160740564,61,0.0374448299407959
35,8069.743211211562,57,0.03419089317321777
36,9127.29681990944,73,0.04399514198303223
37,8908.428310959724,47,0.03013014793395996
38,8077.6853358369535,64,0.03879737854003906
39,8295.552160438632,45,0.0271146297454834
40,7903.82607683427,56,0.03409528732299805
41,7866.516235768047,58,0.03483080863952637
42,7689.553174212197,56,0.03927278518676758
43,9492.484657399502,82,0.05074763298034668
44,7988.93587581465,61,0.038320064544677734
45,8689.042437773565,54,0.03465604782104492
46,8350.559473416517,61,0.03831887245178223
47,9427.5011713145,73,0.04514789581298828
48,8676.728117962735,75,0.047132253646850586
49,8902.298307056924,64,0.039003610610961914
50,8184.849007275419,49,0.038123130798339844
51,8415.201314866317,46,0.04752802848815918
52,9841.991212839148,70,0.055034637451171875
53,8162.633422947072,56,0.04423642158508301
54,8895.34530406392,76,0.08837580680847168
55,8786.948456248392,75,0.07587552070617676
56,8678.349234707975,63,0.06428265571594238
57,8414.031866567031,57,0.04473614692687988
58,8177.510513295766,84,0.05818438529968262
59,7818.615116993352,72,0.047476768493652344
60,9236.29121977678,55,0.041358232498168945
61,8788.198950979218,56,0.03758382797241211
62,9209.49409020771,52,0.03553438186645508
63,7920.936413731501,47,0.03944754600524902
64,7392.749123588499,32,0.023879051208496094
65,9940.056005659757,73,0.046819210052490234
66,8802.036555306733,75,0.04625821113586426
67,7827.093401410768,49,0.03423786163330078
68,9026.42783392517,53,0.0334017276763916
69,7877.258780241186,57,0.03601861000061035
70,8353.780369212553,58,0.03566575050354004
71,8532.805126899562,56,0.03417253494262695
72,7662.4410789387985,58,0.038422584533691406
73,8742.664748503652,47,0.03138303756713867
74,8986.689601455866,54,0.03350019454956055
75,8199.159692747671,60,0.037003517150878906
76,8494.944515717216,71,0.04394197463989258
77,8728.734462026645,56,0.03662109375
78,8394.837819457527,58,0.03655266761779785
79,8909.250786729759,63,0.03804135322570801
80,8655.253707084343,64,0.041404008865356445
81,8335.361613817258,86,0.053226470947265625
82,8260.734404601884,43,0.026607275009155273
83,8212.978303420005,59,0.03641772270202637
84,8391.87317019568,72,0.044156789779663086
85,8436.006220922267,58,0.03760981559753418
86,8478.05914550296,59,0.03993058204650879
87,9408.25290494858,60,0.03682065010070801
88,8166.3251624343375,66,0.04012036323547363
89,9382.370538118768,56,0.033541202545166016
90,7690.686094137301,34,0.02373361587524414
91,9162.300818500193,80,0.05099630355834961
92,8095.252307428009,51,0.035367488861083984
93,8778.357398977243,62,0.04753375053405762
94,7130.386913885533,55,0.04044294357299805
95,8300.25085826354,44,0.03464555740356445
96,7657.530126936008,48,0.03188061714172363
97,7313.286596947757,31,0.01939702033996582
98,8653.71066637287,96,0.0596928596496582
99,8147.838584334232,57,0.03466200828552246
100,8999.327446862937,57,0.03411579132080078
101,9760.058443639484,66,0.03944587707519531
102,8355.72343009799,55,0.03296542167663574
103,8149.259711003582,54,0.03246951103210449
104,8625.80174858135,75,0.04781389236450195
105,8761.290001411136,53,0.03232526779174805
106,8334.962306178644,75,0.045049190521240234
107,7704.032019514071,41,0.025673866271972656
108,8479.257814607861,59,0.0356144905090332
109,7960.111190757845,55,0.03346061706542969
110,8120.035893735718,66,0.041593313217163086
111,8511.969351409978,51,0.031063556671142578
112,8178.276831756197,70,0.042131900787353516
113,8572.777994378032,68,0.04232144355773926
114,8443.850810244652,64,0.03881955146789551
115,8165.21044565338,84,0.05102396011352539
116,9592.928488934387,71,0.04421257972717285
117,8400.874320034747,71,0.047809600830078125
118,8963.302620982457,55,0.033747196197509766
119,7722.161448013946,58,0.03560471534729004
120,8750.41732528272,54,0.03389310836791992
121,8294.83342174711,71,0.043080806732177734
122,8015.961224488379,49,0.030483484268188477
123,8405.563107409134,57,0.03501296043395996
124,7978.795150075201,56,0.03696489334106445
125,7649.071656633028,56,0.03458833694458008
126,8193.862485787615,62,0.03880500793457031
127,8985.942206520727,55,0.03315472602844238
128,7926.9222191230565,46,0.02761554718017578
129,9605.196025890094,59,0.035427093505859375
130,8362.839822917702,70,0.04198098182678223
131,8287.809924584912,74,0.04474449157714844
132,8132.684866989221,74,0.04428386688232422
133,9010.429462166358,68,0.04091000556945801
134,8603.003542357335,59,0.03531217575073242
135,8812.492183370665,74,0.04470682144165039
136,9725.476142886564,95,0.05787086486816406
137,8489.379780604031,62,0.03736138343811035
138,8423.190669534266,66,0.039635658264160156
139,8096.250149502121,48,0.031301259994506836
140,8661.546754694275,68,0.04214334487915039
141,8735.478512952519,61,0.03729701042175293
142,8387.12411112279,61,0.0367579460144043
143,8648.187738457866,55,0.053140878677368164
144,7695.137683627551,57,0.03803586959838867
145,8420.23245860156,69,0.04313302040100098
146,7314.592296020259,64,0.04198956489562988
147,9240.431893415114,59,0.035863399505615234
148,8855.23728042554,51,0.03147387504577637
149,8829.858814798215,53,0.03346753120422363
150,8130.572803806297,55,0.03435683250427246
151,7578.8076173327245,33,0.020575761795043945
152,7908.084178063725,45,0.03128957748413086
153,9471.893162172037,61,0.03984642028808594
154,8368.250865838043,60,0.0368807315826416
155,8449.626573648002,68,0.04190802574157715
156,9719.292419297219,61,0.03717660903930664
157,8196.425564866504,69,0.0424494743347168
158,8075.742940017983,52,0.0312652587890625
159,8521.75888323929,58,0.038193702697753906
160,8317.311249064995,70,0.04224371910095215
161,7817.853847756976,62,0.03719043731689453
162,8527.383916235962,66,0.040105342864990234
163,7878.713974325293,60,0.03689384460449219
164,8684.559237993763,58,0.04288434982299805
165,9495.318554550886,74,0.05144333839416504
166,8906.324939904876,56,0.03444361686706543
167,8364.644409394225,53,0.032517433166503906
168,9069.08331919471,54,0.03265190124511719
169,8589.456237648847,79,0.047861576080322266
170,8512.26401591504,88,0.05330944061279297
171,8974.229204381394,83,0.050103187561035156
172,8259.937827634389,59,0.037099599838256836
173,8783.802227437269,65,0.039890289306640625
174,8929.840081571185,84,0.055190324783325195
175,8124.7567130283305,54,0.03398442268371582
176,8369.928397059603,51,0.03115534782409668
177,8634.760333574073,51,0.033652544021606445
178,8390.345051250359,44,0.027128934860229492
179,9405.191851170806,62,0.03802180290222168
180,8920.120726205714,39,0.02382063865661621
181,8949.678331293648,80,0.04831242561340332
182,7615.409058305927,38,0.02376556396484375
183,9030.765617287398,48,0.028839588165283203
184,9267.470511815904,77,0.0469508171081543
185,8502.453383961792,59,0.03638768196105957
186,8840.12051201039,70,0.04357600212097168
187,7860.894332973279,55,0.03365445137023926
188,8973.346984669846,66,0.04088568687438965
189,7960.0888189968655,55,0.03377795219421387
190,9477.503887535328,80,0.04877758026123047
191,8431.058592164225,70,0.04419398307800293
192,8319.787376430835,54,0.03489184379577637
193,7675.4710494986575,52,0.031670331954956055
194,7688.315926035112,43,0.025791406631469727
195,8438.881058666837,56,0.033745765686035156
196,8163.5831434120855,59,0.03713726997375488
197,8219.676134681149,50,0.033905982971191406
198,8088.963018572477,51,0.03126215934753418
199,8291.90290809547,41,0.02503228187561035
200,7807.7937474654445,59,0.03636574745178223
201,8475.084945827093,63,0.038327693939208984
202,8830.168410084294,69,0.042290687561035156
203,8220.94186752614,53,0.0323789119720459
204,9152.57272600049,54,0.03263735771179199
205,9424.615286867258,78,0.047681331634521484
206,8438.438772426207,56,0.03408932685852051
207,9475.249542745792,61,0.04024672508239746
208,7867.513150115734,59,0.036199331283569336
209,8425.701818289086,57,0.03426814079284668
210,8897.109575559836,57,0.03514862060546875
211,8969.934807547748,69,0.043657541275024414
212,9386.778777698813,58,0.039546966552734375
213,9036.907092267154,62,0.03940868377685547
214,8192.975884966903,63,0.044007301330566406
215,8909.617631400408,70,0.047178030014038086
216,7203.678539980336,53,0.03719329833984375
217,8829.258341609835,72,0.04952287673950195
218,8705.329362852204,57,0.04210853576660156
219,9001.622889864208,62,0.04300999641418457
220,8705.25648543157,46,0.032889604568481445
221,7930.0915659720995,55,0.039019107818603516
222,7556.741265593641,57,0.03993964195251465
223,9187.41146525224,52,0.04023480415344238
224,7921.821360594187,61,0.042240142822265625
225,8310.411116423556,40,0.02787303924560547
226,8329.827177012616,64,0.049381256103515625
227,8645.721176076378,59,0.04240560531616211
228,9030.282371556794,58,0.042714834213256836
229,9050.911070938691,81,0.06323456764221191
230,8722.232710924305,84,0.06587529182434082
231,8299.528691971618,65,0.059384822845458984
232,9221.052816639016,65,0.05161261558532715
233,8804.47637138179,85,0.061142921447753906
234,8226.383382879832,48,0.03559422492980957
235,9126.513545097147,82,0.0595250129699707
236,8439.803118194464,58,0.04201364517211914
237,8837.701422390246,65,0.0457308292388916
238,8298.038845060746,39,0.028257369995117188
239,7184.196299679921,54,0.03800845146179199
240,8551.670988295948,61,0.04423189163208008
241,8292.708153955431,66,0.04998135566711426
242,8180.664896679169,72,0.05447816848754883
243,10019.366363005462,72,0.052628517150878906
244,8843.75973029456,56,0.04106426239013672
245,7874.495703895243,81,0.06184506416320801
246,8364.103396625933,40,0.02654552459716797
247,8233.932654881846,57,0.04369831085205078
248,8787.232735118732,56,0.04072999954223633
249,9573.572582815814,49,0.03559255599975586
250,8372.988159776469,51,0.035059452056884766
251,8221.599478765726,52,0.035130977630615234
252,9137.682108805913,66,0.04895901679992676
253,9142.211315042132,50,0.03343057632446289
254,7917.452080003457,52,0.03782844543457031
255,8497.31101460789,81,0.062224626541137695
256,8588.994597611294,66,0.0543513298034668
257,9215.370907052067,72,0.0576019287109375
258,8138.240601777403,55,0.03914499282836914
259,7899.387665656095,61,0.039727210998535156
260,7829.583277798247,54,0.033075571060180664
261,8032.6631674768605,62,0.03716564178466797
262,9256.0768306763,70,0.042267560958862305
263,8419.814707662263,59,0.03546714782714844
264,8033.797007404905,64,0.038309335708618164
265,7798.907862995004,46,0.0275728702545166
266,9379.717976099346,62,0.039350271224975586
267,7727.679343877355,61,0.03822660446166992
268,8387.072090158414,58,0.03590083122253418
269,8086.587212119323,45,0.029260873794555664
270,8313.029659716904,59,0.03531622886657715
271,8087.375975032635,54,0.03218650817871094
272,8422.201646511701,55,0.03756380081176758
273,7192.514926332836,49,0.03536343574523926
274,8771.586475700384,55,0.03597068786621094
275,8544.802711987591,65,0.04451107978820801
276,8461.848143287869,52,0.03221917152404785
277,9059.912868029642,60,0.03672289848327637
278,9182.556389429123,67,0.04124617576599121
279,8194.314850661227,58,0.03536343574523926
280,8378.273169686016,49,0.029404878616333008
281,7938.200662740372,63,0.03803753852844238
282,8039.6658143737595,62,0.03793835639953613
283,8894.912365648419,69,0.042162418365478516
284,8265.633423716077,62,0.0380556583404541
285,8174.383714330468,50,0.030658483505249023
286,8686.834851593516,63,0.03843092918395996
287,8246.153837087473,63,0.03866124153137207
288,8955.603472208128,59,0.03873038291931152
289,8669.390809804478,52,0.03200197219848633
290,8298.24611382909,49,0.029809236526489258
291,7064.215486274097,45,0.02694988250732422
292,7726.041250909722,60,0.03658580780029297
293,8427.209649527473,66,0.04076743125915527
294,8232.435052055043,46,0.0297391414642334
295,8008.952259256343,58,0.03498506546020508
296,8749.008355882806,49,0.03020167350769043
297,8230.923756024746,42,0.025141477584838867
298,9007.521991284833,65,0.04389619827270508
299,8955.626630582012,59,0.03605771064758301
300,8480.466725498241,56,0.034316301345825195
301,7899.064232835093,56,0.03806185722351074
302,8117.145494804248,72,0.04799962043762207
303,8527.833087553183,56,0.03593873977661133
304,8559.217902601444,52,0.031759023666381836
305,8422.128644925124,60,0.03600454330444336
306,8230.130684498694,62,0.0379636287689209
307,9152.387373217678,67,0.040509939193725586
308,8426.069865817852,41,0.0245513916015625
309,7818.595434457111,65,0.03904533386230469
310,8708.687363839083,55,0.033080101013183594
311,8878.008797771145,59,0.03610658645629883
312,8735.952347130042,77,0.04834151268005371
313,8876.326403841693,56,0.037221431732177734
314,8656.651588044111,47,0.028864622116088867
315,7018.750766816624,47,0.028868675231933594
316,8077.936075240845,63,0.03754115104675293
317,8064.073306857525,47,0.028355836868286133
318,8506.934110923105,52,0.030811786651611328
319,8225.462784893847,58,0.03455853462219238
320,8181.831461630509,66,0.03978562355041504
321,8026.344572398826,56,0.03575611114501953
322,8169.624035554597,43,0.02695322036743164
323,8788.04372599877,41,0.024981975555419922
324,8541.772537981895,75,0.04521322250366211
325,8514.228972061253,57,0.03452777862548828
326,8689.345091751402,58,0.035367727279663086
327,8575.901804783554,62,0.037554025650024414
328,7379.874327826401,58,0.03535866737365723
329,8544.461990940203,72,0.04374241828918457
330,8649.607644387012,62,0.03804492950439453
331,9073.037354013686,61,0.03808236122131348
332,8558.532938288907,58,0.035212039947509766
333,7911.340576041447,56,0.03352785110473633
334,8596.179743046177,77,0.04983997344970703
335,7953.370611883232,66,0.04034900665283203
336,9023.119449123442,88,0.053890228271484375
337,8477.692102667308,58,0.03502511978149414
338,9139.424197762482,65,0.03962397575378418
339,9363.970093962804,66,0.040425777435302734
340,7643.752920232804,42,0.025804758071899414
341,8071.847778192454,62,0.039598703384399414
342,8040.145050783164,44,0.027003049850463867
343,9062.608506538516,73,0.04460859298706055
344,7551.968282154539,63,0.03811931610107422
345,7759.807535239744,55,0.03390002250671387
346,9327.69449921876,68,0.041612863540649414
347,8089.324687726546,61,0.03708982467651367
348,8708.88021762819,55,0.03475022315979004
349,7884.771373995264,63,0.03786635398864746
350,7859.352282884443,55,0.033533573150634766
351,8679.501972574033,54,0.03240084648132324
352,7461.350943207961,49,0.02935314178466797
353,7874.432817050282,57,0.03772401809692383
354,8711.391984660278,66,0.042041778564453125
355,7354.172760680407,39,0.023891687393188477
356,9198.470246342531,73,0.0450136661529541
357,9624.896903770748,56,0.03660988807678223
358,8816.275139711091,66,0.041269779205322266
359,8643.516026872487,52,0.031681060791015625
360,7529.533153197581,40,0.024249792098999023
361,9365.707773204198,80,0.04831051826477051
362,7685.493133165039,46,0.02825641632080078
363,9309.375043488257,68,0.04178905487060547
364,8749.781801040299,64,0.0394749641418457
365,8595.782885989545,56,0.03445172309875488
366,7472.59597021474,56,0.03459453582763672
367,8935.782716881968,70,0.04488968849182129
368,8246.329099666953,68,0.04144883155822754
369,9622.330403556734,58,0.0353541374206543
370,8332.128839224533,78,0.04684925079345703
371,8260.587126937531,72,0.04363822937011719
372,8098.194750304511,66,0.039302825927734375
373,8836.564066690433,73,0.04412364959716797
374,8776.700629318846,62,0.03712058067321777
375,7991.479984794074,73,0.04491424560546875
376,7527.336224320137,84,0.05043339729309082
377,8197.628234528609,71,0.04303789138793945
378,9247.63524428069,57,0.03419828414916992
379,7734.245228883794,64,0.03995323181152344
380,8754.90596137146,64,0.038524627685546875
381,10133.436206751223,70,0.04307246208190918
382,8476.161319022369,62,0.038774728775024414
383,7812.419263201169,49,0.030033111572265625
384,7866.046148027993,64,0.03996133804321289
385,9749.977352884274,93,0.05646848678588867
386,8722.346178177258,67,0.04333806037902832
387,7542.158498068141,62,0.03783869743347168
388,8577.755237042242,59,0.03537130355834961
389,8197.597507969696,60,0.03580737113952637
390,8104.056761645788,45,0.02689337730407715
391,8658.666779457217,46,0.027405738830566406
392,8014.311868665327,70,0.04176807403564453
393,8008.273437054965,41,0.025265216827392578
394,8729.272920922866,61,0.04143691062927246
395,8237.934256609098,61,0.03692793846130371
396,8429.503707798996,77,0.04581475257873535
397,9363.11778187169,60,0.0365753173828125
398,8220.62875480265,42,0.025084972381591797
399,7858.576729690452,48,0.028902769088745117
400,8826.056358743117,49,0.029697179794311523
401,8999.426716074246,64,0.03891563415527344
402,8389.732804992153,57,0.03496861457824707
403,9178.228298491551,77,0.04614686965942383
404,9338.942987635974,53,0.031691789627075195
405,8823.732037127578,56,0.03376197814941406
406,8960.951651821622,56,0.03396964073181152
407,8242.65168546816,66,0.057138919830322266
408,8718.676339000707,62,0.046843767166137695
409,7718.134418264365,65,0.03968691825866699
410,8670.754852465896,61,0.037610530853271484
411,8187.24341110536,81,0.049759626388549805
412,8615.047604162486,84,0.05161094665527344
413,7947.942990870373,70,0.04651927947998047
414,8403.203993223127,55,0.0368802547454834
415,8508.031906865568,61,0.03801703453063965
416,8727.234441795037,70,0.04414725303649902
417,8253.914886283059,63,0.038780927658081055
418,8676.792670515944,66,0.03989267349243164
419,8765.807237896592,58,0.034882545471191406
420,8845.78433919014,81,0.05187034606933594
421,9215.516236774834,90,0.05468153953552246
422,7691.805932396019,45,0.027361631393432617
423,8819.194096826359,68,0.04079127311706543
424,8675.394433583693,66,0.04101920127868652
425,8925.558650131887,74,0.044584035873413086
426,8138.517329617044,69,0.04389214515686035
427,8511.039343965906,85,0.0510714054107666
428,8293.206988504942,55,0.03351998329162598
429,8570.971981939401,55,0.03324127197265625
430,8443.880775479387,50,0.03187680244445801
431,8058.379455325807,61,0.03706216812133789
432,8418.922408960669,68,0.04242539405822754
433,8104.626470763686,42,0.02751469612121582
434,8572.554394161089,77,0.05030417442321777
435,7612.427147010772,46,0.028575897216796875
436,8874.371488720055,53,0.032372474670410156
437,7670.675251016313,65,0.040610313415527344
438,8301.724115581539,54,0.03313183784484863
439,8876.55383885799,51,0.030943870544433594
440,8316.13930123259,69,0.041663169860839844
441,8676.470042188477,63,0.037561893463134766
442,9458.979451068411,75,0.04460000991821289
443,9307.61733485353,85,0.05063486099243164
444,7672.857905512812,57,0.03499913215637207
445,7749.696862800998,65,0.03898000717163086
446,9846.658164526489,67,0.039853811264038086
447,7766.210941341729,52,0.030776262283325195
448,9245.268397786098,67,0.040007829666137695
449,8608.720746581312,75,0.04456353187561035
450,7731.91378241425,42,0.025107860565185547
451,8903.93092341919,58,0.03497648239135742
452,7902.459146837287,69,0.04217696189880371
453,8590.04833131779,61,0.03729057312011719
454,8879.796998721415,57,0.03565812110900879
455,8900.960594102487,52,0.03151893615722656
456,8460.930231470727,61,0.03783392906188965
457,8650.7153958265,73,0.044014930725097656
458,8671.56846795988,63,0.04181671142578125
459,7966.781782551006,45,0.027457237243652344
460,8794.965377493521,68,0.04127907752990723
461,8362.898823428957,49,0.030074119567871094
462,8846.46719235864,59,0.03669381141662598
463,8729.199424995222,51,0.03106546401977539
464,8130.608358533046,64,0.03870677947998047
465,8211.717457666602,65,0.0388028621673584
466,8879.01402456014,56,0.03391671180725098
467,9368.420287779329,85,0.052246809005737305
468,8573.309164422762,79,0.04851698875427246
469,8473.863251211507,58,0.034732818603515625
470,9245.069480772521,52,0.031139135360717773
471,9179.400740116336,61,0.03630828857421875
472,8799.764910380785,67,0.04040241241455078
473,8186.229111906355,67,0.03999137878417969
474,8394.668713283823,65,0.03906416893005371
475,8830.928018157383,55,0.032990217208862305
476,7971.523713100842,56,0.03339719772338867
477,8536.070213408517,69,0.041304826736450195
478,8270.72742904215,58,0.034873008728027344
479,8273.004752571993,51,0.030518531799316406
480,8473.550035782644,53,0.032618045806884766
481,8534.827019606248,53,0.03216052055358887
482,8373.9757098027,67,0.04023599624633789
483,9027.279412328084,63,0.037661075592041016
484,8289.762329301026,63,0.03770327568054199
485,7765.490860490665,51,0.030815601348876953
486,8153.591892142991,53,0.03217172622680664
487,8739.39361973205,73,0.04401206970214844
488,8842.290252995452,61,0.0390474796295166
489,8007.054487993596,50,0.03255462646484375
490,8936.995511907917,68,0.042180776596069336
491,9073.47661349001,64,0.03950810432434082
492,8784.452428326247,57,0.034935951232910156
493,8328.921554739734,76,0.04646897315979004
494,7764.877438877089,53,0.03274655342102051
495,8784.838241789152,60,0.03611898422241211
496,8186.231590738609,66,0.040189504623413086
497,8906.36661299742,54,0.03289365768432617
498,8475.715660820952,62,0.03804159164428711
499,9467.309322184254,70,0.0422213077545166
500,9196.685646183752,76,0.046079397201538086
501,8883.052610142711,47,0.028627634048461914
502,8370.282222352938,55,0.033548831939697266
503,8478.00358244752,68,0.0410611629486084
504,8034.202205911652,67,0.0404810905456543
505,8520.153908562921,52,0.03220987319946289
506,8333.035752613345,61,0.037029266357421875
507,8665.52478771397,60,0.03757166862487793
508,8230.794801508797,71,0.04363250732421875
509,8233.52166689004,55,0.03365731239318848
510,8892.371644205099,64,0.038684844970703125
511,9747.538791356026,70,0.04344749450683594
512,8776.778027588938,68,0.04568004608154297
513,8510.202313816419,74,0.045226097106933594
514,9362.951427651184,75,0.04852557182312012
515,8696.410174475946,77,0.04839515686035156
516,8607.495682018643,61,0.03722429275512695
517,8771.848846845765,59,0.03574061393737793
518,8223.049947479643,65,0.03923654556274414
519,8264.03060659601,56,0.034073591232299805
520,8480.265080319668,62,0.03820157051086426
521,8252.855184606005,47,0.02881622314453125
522,8160.093569019339,45,0.027332544326782227
523,9921.483453534502,68,0.04169964790344238
524,7857.923724983055,54,0.032689571380615234
525,8472.381606236933,59,0.03580760955810547
526,8744.115797588165,56,0.034027099609375
527,8247.992195351144,74,0.04495096206665039
528,8799.150763424994,68,0.04147171974182129
529,8293.08333939426,63,0.03812456130981445
530,8181.135150153915,49,0.029771804809570312
531,7886.9153323143255,49,0.029828786849975586
532,7782.323313707462,57,0.03457474708557129
533,8703.904281761756,68,0.04239988327026367
534,8156.630574512899,56,0.03401756286621094
535,8015.362952789778,50,0.03040599822998047
536,8200.114675092282,69,0.04190969467163086
537,8244.665853034805,63,0.0387578010559082
538,8040.587485873499,59,0.037017822265625
539,8122.473999753292,43,0.02814650535583496
540,8557.65741198284,76,0.046245574951171875
541,9098.689103405943,66,0.04058337211608887
542,9511.20784105772,62,0.03762531280517578
543,8309.957381278851,64,0.0437166690826416
544,9115.249268249896,58,0.03609180450439453
545,8511.156834470275,57,0.034914493560791016
546,8990.893889342646,68,0.04053235054016113
547,8454.325399368663,46,0.02738213539123535
548,9065.891799908866,55,0.032770395278930664
549,9104.030947005645,64,0.03871345520019531
550,8639.014035770877,66,0.040457725524902344
551,8281.884566595078,53,0.03265047073364258
552,8101.685976713554,52,0.03177356719970703
553,7951.3341483934855,50,0.03104877471923828
554,8233.022035498863,61,0.03702688217163086
555,7705.8353966758405,52,0.03164935111999512
556,9487.687223029376,64,0.03884005546569824
557,10007.895323095949,69,0.042305946350097656
558,8251.670353301974,56,0.035663604736328125
559,9181.112929791238,69,0.04332232475280762
560,8232.466860484943,51,0.03761720657348633
561,8612.968770759955,57,0.03524327278137207
562,8498.09854188091,71,0.04305410385131836
563,9048.360123803399,68,0.040717363357543945
564,8083.786170156811,50,0.03305530548095703
565,8471.822952160484,51,0.031130075454711914
566,8167.435504219291,62,0.03970742225646973
567,8782.864672586695,66,0.04166865348815918
568,9447.56909667969,55,0.03760576248168945
569,8745.036317102938,51,0.03224658966064453
570,8265.233584306512,70,0.04624342918395996
571,8498.109456698512,63,0.040879011154174805
572,8088.540935462536,61,0.0370633602142334
573,8806.157547162882,62,0.04037189483642578
574,8379.699723169437,72,0.04366898536682129
575,8920.737036340159,77,0.04649066925048828
576,9237.600812174962,76,0.045731544494628906
577,9223.220716757818,58,0.035625457763671875
578,7782.1247696521195,47,0.028764009475708008
579,9088.01082329116,64,0.03822779655456543
580,7698.360650542503,54,0.03228354454040527
581,7672.351590919062,55,0.03272557258605957
582,8501.450687026443,63,0.0374605655670166
583,8543.505016124525,59,0.03526878356933594
584,8565.362059498686,56,0.03440737724304199
585,8889.833249499705,56,0.033426761627197266
586,7685.323364554394,51,0.031100988388061523
587,8399.974696391264,55,0.033385515213012695
588,8829.289901557155,55,0.03339409828186035
589,9167.994792408092,81,0.04818296432495117
590,9628.58879238275,65,0.0387415885925293
591,8549.039237027304,75,0.04448199272155762
592,7876.879202940412,43,0.026250362396240234
593,9063.076345160956,69,0.04142284393310547
594,8709.182680742855,61,0.03911304473876953
595,8914.930939098722,62,0.03832077980041504
596,7792.187278351623,58,0.03572487831115723
597,8077.617139325997,51,0.03156328201293945
598,8346.929157938075,62,0.03974342346191406
599,8260.56958575029,50,0.030338525772094727
600,8615.12926699312,56,0.03333878517150879
601,8204.686014740335,74,0.0453181266784668
602,8046.368948785894,58,0.03556227684020996
603,8967.44031996931,62,0.03697371482849121
604,8012.88735165197,54,0.032233476638793945
605,8440.581683922333,42,0.025021791458129883
606,8837.826816190804,65,0.038581132888793945
607,8741.526535602869,69,0.04143714904785156
608,7924.907884537592,42,0.02538323402404785
609,9015.499089918041,57,0.033995866775512695
610,8640.837643206674,86,0.0517425537109375
611,8668.401414345955,66,0.039423227310180664
612,8259.250235541582,63,0.03813934326171875
613,7921.423924076108,52,0.030992507934570312
614,8455.004882953297,52,0.03103780746459961
615,8323.199891162447,61,0.037152767181396484
616,8872.523522673817,68,0.04113316535949707
617,7581.3748246384475,46,0.027542591094970703
618,7883.190778274271,72,0.04311513900756836
619,8797.237621358297,64,0.04097890853881836
620,8720.85430813078,68,0.041504859924316406
621,8665.42254019541,63,0.042179107666015625
622,8495.562922423465,81,0.050592899322509766
623,8362.562162309407,49,0.030985116958618164
624,8548.059930897565,44,0.02668619155883789
625,8417.068585478246,68,0.04211997985839844
626,7888.328264523469,52,0.03168535232543945
627,9199.378417541202,60,0.03898024559020996
628,8110.3558240666325,65,0.03959345817565918
629,7513.942629227005,45,0.027599811553955078
630,8262.13467239443,71,0.04370474815368652
631,9139.903232674955,58,0.035614728927612305
632,8537.97293772662,65,0.03933215141296387
633,9066.942473111223,80,0.04829287528991699
634,8368.323044094079,54,0.033425092697143555
635,8476.8137433098,78,0.04831957817077637
636,8238.814756267062,61,0.03874683380126953
637,7703.455745255584,54,0.03283977508544922
638,8715.646111321475,79,0.047827720642089844
639,8756.475818815685,56,0.033333539962768555
640,8488.132204143101,62,0.03683638572692871
641,8902.51721066376,53,0.03289222717285156
642,8310.878913887802,61,0.03727436065673828
643,8057.051761582487,57,0.03447222709655762
644,7723.993498918529,54,0.03233814239501953
645,8285.878591132412,44,0.026096105575561523
646,9392.41912385181,56,0.033431291580200195
647,9241.206726143593,83,0.04964184761047363
648,8209.048919329403,52,0.0309751033782959
649,8010.79464828828,67,0.0410006046295166
650,9579.165643736591,63,0.038629770278930664
651,8383.078866803733,46,0.028181076049804688
652,8877.157357247661,67,0.04127073287963867
653,8327.179705095525,56,0.03415203094482422
654,7751.679836597371,57,0.03397774696350098
655,9134.770827195824,68,0.040410518646240234
656,8837.84749414552,55,0.03272414207458496
657,8689.356811993755,48,0.0288388729095459
658,8216.74730436912,64,0.038417816162109375
659,8364.223914241224,68,0.04056882858276367
660,9119.846518581478,52,0.031245708465576172
661,8639.356726659782,66,0.039519548416137695
662,7389.0202490590345,65,0.03874993324279785
663,8326.475085284701,65,0.03871560096740723
664,9448.471794667814,77,0.04607653617858887
665,7563.151604813896,53,0.03200387954711914
666,7601.596018073838,46,0.027629613876342773
667,8497.72498599895,66,0.039170265197753906
668,8860.386614483301,59,0.035860538482666016
669,8892.858699596502,47,0.03006911277770996
670,8822.939120446963,69,0.04364967346191406
671,8287.267443488132,66,0.04029345512390137
672,8168.368902885004,56,0.034291744232177734
673,8990.79327158754,56,0.033632516860961914
674,9180.449784263004,65,0.04097890853881836
675,7253.750140789224,48,0.029969453811645508
676,8631.057429261065,58,0.044687509536743164
677,8929.50981875254,70,0.047843217849731445
678,7430.595975775737,53,0.032741546630859375
679,9790.060249480906,75,0.04982399940490723
680,7940.028527120858,49,0.029954910278320312
681,8611.317783273333,40,0.024468183517456055
682,8598.294089987143,66,0.03958415985107422
683,8396.283942040354,64,0.03861832618713379
684,7906.883629247279,59,0.03657197952270508
685,8864.659742648544,60,0.036405086517333984
686,8633.215188789452,61,0.03695178031921387
687,8970.692493007602,63,0.0382084846496582
688,9415.539969192478,67,0.04059624671936035
689,9253.45605582732,68,0.04116511344909668
690,8493.769800698832,63,0.03828716278076172
691,8195.322495673907,70,0.04260563850402832
692,9090.170897946853,74,0.04496884346008301
693,8116.552474159568,52,0.032495975494384766
694,8352.390802638485,62,0.03797435760498047
695,8752.73951107634,65,0.03976559638977051
696,8515.810291124824,64,0.04051661491394043
697,10012.820479926435,64,0.03872537612915039
698,8585.638421176442,79,0.04820752143859863
699,8271.840574342865,73,0.04490399360656738
700,8923.885149855025,79,0.049833059310913086
701,8223.101484845964,54,0.0337834358215332
702,8702.263761586848,62,0.037938833236694336
703,9224.828429981022,74,0.04699397087097168
704,8561.141070675938,49,0.02990412712097168
705,7748.784513871231,49,0.03051161766052246
706,8103.297739368325,55,0.0338129997253418
707,8467.720293923152,52,0.03224492073059082
708,8536.332650186489,52,0.03264021873474121
709,8254.179351520277,59,0.037224531173706055
710,8509.404760196068,70,0.044078826904296875
711,8999.91954680971,57,0.036130428314208984
712,8528.391159227762,58,0.03668808937072754
713,8900.656090217642,72,0.04553580284118652
714,8563.769246932321,49,0.031001567840576172
715,7874.165876746345,50,0.03161334991455078
716,8409.547695046796,72,0.04544377326965332
717,8264.12756289804,50,0.03375673294067383
718,8234.289777336486,56,0.03411531448364258
719,7680.385442425827,72,0.04376626014709473
720,8766.715794141784,73,0.04451155662536621
721,8110.589987070502,70,0.04410576820373535
722,8059.675596057778,60,0.03839588165283203
723,8661.814869876946,61,0.03732776641845703
724,9436.367511518285,58,0.035280704498291016
725,8149.591841377209,55,0.03359532356262207
726,8489.40330091036,64,0.04084467887878418
727,9002.119985143376,61,0.037218570709228516
728,9031.29361941991,85,0.0554356575012207
729,9377.533175015296,58,0.03600621223449707
730,10156.617137762652,58,0.037398338317871094
731,9217.202646869398,54,0.03321981430053711
732,9213.118599547575,70,0.04219198226928711
733,8093.096339639982,66,0.04284405708312988
734,8396.019684960793,82,0.050022125244140625
735,9139.859398028546,78,0.04671072959899902
736,8747.369663801901,57,0.03568553924560547
737,8026.228527122812,50,0.030161619186401367
738,8281.436980460283,72,0.04374408721923828
739,8998.310313845766,56,0.03348541259765625
740,8755.967952072591,81,0.04789566993713379
741,9014.792463349815,69,0.04130434989929199
742,9240.812280359187,73,0.04408907890319824
743,8668.86295924808,64,0.03898501396179199
744,9224.13586261435,69,0.04111123085021973
745,8018.251127208953,60,0.03659486770629883
746,9689.483787100166,55,0.034174442291259766
747,8658.56918204277,82,0.04978775978088379
748,8941.252409836257,59,0.0353083610534668
749,7819.745460232495,60,0.03556561470031738
750,7612.267415544587,56,0.03309178352355957
751,7156.803053068743,48,0.029514074325561523
752,8341.205000866394,63,0.038930654525756836
753,8614.710991313106,72,0.04402351379394531
754,8348.085422356358,52,0.03150320053100586
755,8024.625979148558,70,0.04401850700378418
756,7940.74668506154,55,0.03427767753601074
757,8148.435358236276,56,0.03435945510864258
758,8024.348128555154,45,0.02714085578918457
759,8865.071948136867,79,0.046770334243774414
760,9290.53190422749,60,0.035738468170166016
761,8335.375679200253,75,0.045453548431396484
762,7968.216996800288,59,0.03541398048400879
763,8331.1909222898,55,0.03582882881164551
764,8320.712507255463,48,0.029587268829345703
765,8871.517734009094,52,0.031732797622680664
766,8656.096861599399,58,0.03547096252441406
767,7938.994501518637,54,0.03301572799682617
768,7718.564342266869,58,0.035379886627197266
769,8974.81828276761,47,0.028857707977294922
770,8627.90768143379,54,0.033063650131225586
771,8670.616454311672,67,0.04077720642089844
772,8911.261292082174,59,0.03699898719787598
773,8291.511406413618,61,0.03868222236633301
774,8165.063448492688,48,0.029076337814331055
775,7597.573412067748,43,0.026218175888061523
776,9268.595604959844,57,0.0346219539642334
777,9076.595395566666,80,0.04942679405212402
778,8880.135454641022,79,0.04945015907287598
779,8946.921481836871,77,0.04738044738769531
780,8543.626061229716,58,0.037549734115600586
781,7641.662064497767,58,0.03987407684326172
782,8631.15642173223,64,0.04101443290710449
783,9038.627996354393,70,0.04465341567993164
784,8367.321317091013,73,0.04593920707702637
785,10133.016168059065,79,0.04813981056213379
786,8234.152423159203,71,0.04346823692321777
787,9148.299277444426,70,0.04276084899902344
788,7731.857881629359,66,0.040421247482299805
789,8685.470642315126,48,0.02933335304260254
790,7940.157451693347,50,0.030704975128173828
791,7829.185286206233,53,0.03261280059814453
792,8032.979894551983,43,0.02639603614807129
793,9876.828218344177,72,0.04430413246154785
794,9556.16828992301,74,0.04828310012817383
795,9516.919942804852,55,0.03357195854187012
796,8029.826455342189,66,0.04052996635437012
797,8290.342359201808,58,0.03693199157714844
798,8928.496093137172,63,0.038469552993774414
799,8256.513704917437,65,0.03950643539428711
800,9412.292581277321,73,0.045653343200683594
801,8663.318433755428,71,0.04458022117614746
802,9027.96960923201,82,0.052866458892822266
803,8130.134153357641,54,0.03412055969238281
804,8238.486288116586,46,0.028566837310791016
805,8951.009161507816,68,0.043830156326293945
806,9420.226761408834,65,0.0396270751953125
807,9172.409912093208,71,0.045954227447509766
808,8846.861133471702,54,0.03300952911376953
809,8424.602795726954,61,0.04197812080383301
810,9389.068516105675,71,0.043392181396484375
811,8024.948021393457,66,0.041445255279541016
812,9110.636826010428,77,0.04698896408081055
813,8277.562367190334,53,0.031691789627075195
814,8364.69023267649,61,0.03707766532897949
815,8756.836561242351,53,0.03233790397644043
816,9036.392341309918,67,0.040960073471069336
817,9577.069700165948,54,0.03301525115966797
818,8422.607717542345,59,0.03620719909667969
819,8556.735615854228,69,0.04217219352722168
820,8786.951383897835,73,0.044464111328125
821,8949.684285793344,51,0.031165599822998047
822,9479.439511451073,60,0.03806447982788086
823,8947.64813005384,52,0.03311920166015625
824,7937.842637108077,45,0.027396202087402344
825,8745.240609832159,86,0.0513913631439209
826,7575.416394940228,40,0.023984193801879883
827,9252.981414693762,72,0.04360318183898926
828,9025.1287407278,63,0.03802013397216797
829,9365.431947711459,74,0.04459404945373535
830,9311.48207916474,83,0.052829742431640625
831,8207.990212185918,56,0.03518080711364746
832,8957.043882197207,80,0.05318880081176758
833,7584.50367290485,68,0.04593491554260254
834,7652.35342527391,54,0.03661537170410156
835,9252.474811967219,75,0.0454869270324707
836,8627.212424335226,63,0.03809642791748047
837,8664.715838377562,67,0.04009699821472168
838,8551.69899633319,55,0.03284311294555664
839,7727.913388795063,44,0.026105880737304688
840,8088.214978129962,52,0.03147172927856445
841,8882.529932906808,75,0.044699907302856445
842,8768.585261334698,57,0.03387284278869629
843,8887.959007462548,55,0.036180734634399414
844,8570.731651536727,78,0.04788541793823242
845,8408.963113416412,80,0.04899311065673828
846,8846.459360787636,53,0.03222203254699707
847,8632.511768156732,63,0.03849029541015625
848,8893.264380275356,76,0.04686546325683594
849,8684.881365462646,70,0.043054819107055664
850,8899.820356017084,83,0.05100059509277344
851,8743.531698008701,53,0.03365731239318848
852,8633.581941162905,55,0.0338590145111084
853,8367.033921935676,55,0.03426957130432129
854,8547.74035495113,66,0.04039931297302246
855,8540.677790554235,53,0.03243207931518555
856,9319.955105945553,82,0.05211830139160156
857,8240.637169949274,66,0.04315066337585449
858,8535.239263327918,72,0.0439145565032959
859,8741.40851537131,47,0.028835058212280273
860,8028.024306035063,79,0.04950284957885742
861,9047.008735696876,79,0.05111432075500488
862,9059.566506345607,72,0.04383063316345215
863,9287.807611254,68,0.041187286376953125
864,8417.099949983189,62,0.03852581977844238
865,8794.064697266753,53,0.03329801559448242
866,8909.772716755813,65,0.04129362106323242
867,9161.878192308433,84,0.05333757400512695
868,8689.333845794581,72,0.04584908485412598
869,8415.279585547567,46,0.029552936553955078
870,8735.520613901113,65,0.04147028923034668
871,8597.840173006029,62,0.0393831729888916
872,8239.844047437824,56,0.035712242126464844
873,8858.80508497464,51,0.03242206573486328
874,8799.714429396505,43,0.027291536331176758
875,8950.54781373133,55,0.03494000434875488
876,9223.837431630145,80,0.050870656967163086
877,8925.050833192034,69,0.04373049736022949
878,7648.862315940187,56,0.03567314147949219
879,8600.704585248146,58,0.036836862564086914
880,9111.448925546232,51,0.03441810607910156
881,8552.610485782065,64,0.04048657417297363
882,8019.463103131677,49,0.02987504005432129
883,7657.84186658452,49,0.031577348709106445
884,8258.139809335677,53,0.035718441009521484
885,7246.691057206501,49,0.03121209144592285
886,8523.324565926008,60,0.0387721061706543
887,9531.81490322964,60,0.038208723068237305
888,7840.070569204243,51,0.03284716606140137
889,9679.153523357945,75,0.04697823524475098
890,7922.934802880659,46,0.028888463973999023
891,8231.954869484805,57,0.03426051139831543
892,7996.856258733114,66,0.03920412063598633
893,7842.991378522656,48,0.02837085723876953
894,8660.171528663184,51,0.03008580207824707
895,7451.551010697534,56,0.03315877914428711
896,8285.906969729735,70,0.0447843074798584
897,8419.193289158073,60,0.036527395248413086
898,8457.208951798337,65,0.03985786437988281
899,9522.871527919397,58,0.03493857383728027
900,8038.780649277583,80,0.04899334907531738
901,8645.012133303902,57,0.03497171401977539
902,9103.568675279948,78,0.047553300857543945
903,8881.857460682913,72,0.046094417572021484
904,8090.283103854984,60,0.03652000427246094
905,8299.52560231456,56,0.03423166275024414
906,7930.001605969892,46,0.02816152572631836
907,7957.88029880742,59,0.03621244430541992
908,8815.27413126276,48,0.029354572296142578
909,9077.639020850333,78,0.04976797103881836
910,8740.26927458982,70,0.04291558265686035
911,7868.501208252581,57,0.03675413131713867
912,9389.154017405188,78,0.0478518009185791
913,9131.186917287054,79,0.05022692680358887
914,8960.243593575171,67,0.04302096366882324
915,8381.07552456744,51,0.03168964385986328
916,7281.862897552964,51,0.03108954429626465
917,8544.883362694756,64,0.03882408142089844
918,8000.254175215719,54,0.03281545639038086
919,8778.715409157545,57,0.03537607192993164
920,8650.857883461675,70,0.04285550117492676
921,8988.679390127198,66,0.04044008255004883
922,9535.707649476084,71,0.0435178279876709
923,8860.023421084985,56,0.03454756736755371
924,7576.334932373615,54,0.03315138816833496
925,9382.042120044267,73,0.04519057273864746
926,9819.477007313984,75,0.04608154296875
927,9180.12728320544,77,0.04726123809814453
928,8527.18971903617,46,0.028452634811401367
929,7895.136279826234,49,0.03141283988952637
930,8339.317479251618,55,0.03368186950683594
931,8694.393468039154,75,0.04616951942443848
932,9149.11138418733,75,0.04638504981994629
933,8755.351982832999,51,0.03166770935058594
934,7798.500462312428,48,0.030422210693359375
935,8746.27798986738,70,0.0439457893371582
936,8296.244359030956,72,0.04845118522644043
937,7581.846501991009,47,0.030800819396972656
938,8789.533702186956,51,0.03130841255187988
939,8139.024743360233,68,0.04607987403869629
940,9373.750802878505,61,0.03809618949890137
941,8441.63404047989,50,0.030433177947998047
942,8497.610870824952,57,0.03454470634460449
943,9234.151165316749,57,0.03566145896911621
944,9319.192827321149,68,0.04316282272338867
945,7635.017435018897,48,0.0304720401763916
946,8520.555714212402,67,0.04259371757507324
947,8939.855591746315,64,0.04070734977722168
948,9056.640724924877,55,0.03504490852355957
949,9052.137755674876,61,0.03901982307434082
950,7689.183568253102,63,0.0401153564453125
951,7894.24407418117,49,0.031342267990112305
952,7978.5417777507,47,0.030053377151489258
953,8775.277604122952,67,0.04291248321533203
954,9457.578434571831,74,0.04704928398132324
955,8936.161430871012,64,0.04084277153015137
956,8168.146298881098,49,0.031233787536621094
957,9136.609756260292,71,0.045316219329833984
958,9192.028109620533,56,0.0356745719909668
959,9444.769970578098,76,0.048499345779418945
960,7956.545407404526,48,0.030878543853759766
961,8756.949271997468,57,0.03630685806274414
962,7580.797227272928,58,0.03730130195617676
963,7519.845319786552,42,0.02834343910217285
964,8504.389808288044,53,0.032155513763427734
965,9149.098117299449,73,0.0473330020904541
966,7603.193650164686,59,0.03759884834289551
967,8341.199689062489,44,0.028910398483276367
968,8971.263469655478,56,0.03687787055969238
969,8702.226376420524,56,0.03375673294067383
970,7931.3382768800075,48,0.02926182746887207
971,8931.94326226753,90,0.05462980270385742
972,9222.41111138526,67,0.0399630069732666
973,7929.705084886066,54,0.03211569786071777
974,8536.421344225348,71,0.04220008850097656
975,8515.03871176574,50,0.029849767684936523
976,7824.371966401424,60,0.03592848777770996
977,8767.741983950466,60,0.038289546966552734
978,9390.086952395503,68,0.04221773147583008
979,9170.356187246256,78,0.047338008880615234
980,8599.928213824307,67,0.04176497459411621
981,9314.816465474225,62,0.03842449188232422
982,8571.468197378053,65,0.04057741165161133
983,9025.477346514876,39,0.02536153793334961
984,9250.06024954237,75,0.0461122989654541
985,7605.229828483111,50,0.030757904052734375
986,8298.088592347256,50,0.030833959579467773
987,8252.631050984372,62,0.03830122947692871
988,8486.22052741316,71,0.04583382606506348
989,8636.58280877543,70,0.04242444038391113
990,7494.9618933326865,47,0.046514272689819336
991,8478.187080557758,80,0.05666375160217285
992,8435.40787188456,78,0.05354881286621094
993,8636.744640530578,62,0.038312673568725586
994,8692.309732850968,55,0.034014225006103516
995,9096.74939494981,61,0.0376889705657959
996,8204.44633730574,61,0.03812456130981445
997,8190.824952275898,55,0.034796714782714844
998,8459.342136444066,76,0.047098636627197266
999,8754.562030454797,65,0.04020977020263672
